X,Y,full_id,attributio,boundary,health_lev,name,ref,ref_dhis2,alt_name
28.9462624243894,-4.43733789714793,r5942809,Référentiel Géographique Commun (RGC.cd),health,6,Fizi,06020101,roraCGWMUQ0,
28.5854279796714,-4.41495921435857,r5942810,Référentiel Géographique Commun (RGC.cd),health,6,Kimbi Lulenge,06020102,lF2aCHDydzn,
28.5640917747712,-4.04586953202487,r5942811,Référentiel Géographique Commun (RGC.cd),health,6,Minembwe,06020103,i3NxrFDG9hU,
28.9326306187464,-3.74829639501253,r5942812,Référentiel Géographique Commun (RGC.cd),health,6,Nundu,06020104,pWBu6qPNvdv,
29.177956975873,-3.12898074739342,r5968090,Référentiel Géographique Commun (RGC.cd),health,6,Ruzizi,06020703,jkonpGckbPg,
29.0855124918814,-3.41994827447978,r5968774,Référentiel Géographique Commun (RGC.cd),health,6,Uvira,06020704,mx8PkwuIR5x,
29.0331648198859,-3.01725731635733,r5968814,Référentiel Géographique Commun (RGC.cd),health,6,Lemera,06020702,XFUHGajCqjY,
28.9235732847407,-3.23744351660012,r5968847,Référentiel Géographique Commun (RGC.cd),health,6,Hauts-Plateaux,06020701,CP7PqKqIADY,
28.7007059339243,-2.9103884184905,r5968929,Référentiel Géographique Commun (RGC.cd),health,6,Mwana,06020504,nfYQfVxJRyJ,
28.5528588196433,-3.07410468468701,r5968930,Référentiel Géographique Commun (RGC.cd),health,6,Mwenga,06020505,Q3HTytyiRyL,
28.1601556027077,-3.19287502256834,r5969064,Référentiel Géographique Commun (RGC.cd),health,6,Kamituga,06020502,rv3KA7DrJCO,
27.8039401079751,-3.45129851618072,r5969065,Référentiel Géographique Commun (RGC.cd),health,6,Kitutu,06020503,n1r14Rh3NvB,
28.5945785471302,-3.6082711755095,r5969102,Référentiel Géographique Commun (RGC.cd),health,6,Itombwe,,ZwpyTsxIyb3,
27.5822038601904,-3.57784096266411,r5969205,Référentiel Géographique Commun (RGC.cd),health,6,Kalole,06020601,euP5fSU9vky,
24.9224662904665,-6.94063853113197,r5987659,Référentiel Géographique Commun (RGC.cd),health,6,Kayamba,,RonTeRt1of5,
26.6837099884457,-7.9297070116231,r5987660,Référentiel Géographique Commun (RGC.cd),health,6,Malemba Nkulu,09020501,N3b4xbGIP6r,
26.8750844856713,-8.31347174045593,r5987661,Référentiel Géographique Commun (RGC.cd),health,6,Mukanga,09020503,XdR0dqdFNt4,
27.3307975504754,-7.83574251755831,r5987662,Référentiel Géographique Commun (RGC.cd),health,6,Mulongo,09020504,hdDyVXgN46J,
24.7529647347361,-8.77111974413514,r5987888,Référentiel Géographique Commun (RGC.cd),health,6,Kamina,,T0YXktZkPCF,
25.8016614744273,-9.28643197549436,r5987889,Référentiel Géographique Commun (RGC.cd),health,6,Bukama,09020101,glucPFMOELN,
26.4087234649337,-8.97479810613211,r5987890,Référentiel Géographique Commun (RGC.cd),health,6,Butumba,09020102,FWbGIJwFtFw,
25.8676343976897,-8.73156982791448,r5987891,Référentiel Géographique Commun (RGC.cd),health,6,Kabondo-Dianda,09020103,BU8zas1K8mi,
25.5193536774376,-7.38678229984753,r5987892,Référentiel Géographique Commun (RGC.cd),health,6,Kabongo,09020201,kWcBPRsa7lA,
25.2226496006667,-8.64392113103455,r5987893,Référentiel Géographique Commun (RGC.cd),health,6,Baka,09020302,OyzUIt0IaeY,
24.2518912103897,-7.84448914553426,r5987894,Référentiel Géographique Commun (RGC.cd),health,6,Kaniama,,guov7iiEM6c,
24.8221293138132,-9.49124199176055,r5987895,Référentiel Géographique Commun (RGC.cd),health,6,Kinda,09020303,i1aUdilicx5,
26.4246575063488,-7.74643478759178,r5987896,Référentiel Géographique Commun (RGC.cd),health,6,Lwamba,,QZr08cvgmWI,
25.827513203764,-6.79861499117437,r5987897,Référentiel Géographique Commun (RGC.cd),health,6,Kitenge,09020203,mSpktJNvGmQ,
26.223677446479,-8.32652978423434,r5987898,Référentiel Géographique Commun (RGC.cd),health,6,Kinkondja,09020502,qZdoTKoMddO,
25.1329301605147,-7.87276526197731,r5987899,Référentiel Géographique Commun (RGC.cd),health,6,Songa,,cgc7FkCPcKb,
27.267677636082,-2.33171477328941,r5997619,Référentiel Géographique Commun (RGC.cd),health,6,Lulingu,06020602,UkT2MUS83YY,
27.9103042416912,-2.61682535255162,r5997620,Référentiel Géographique Commun (RGC.cd),health,6,Mulungu,06020603,tJmFpEp4TCb,
27.2958131849059,-2.90583759152698,r5997621,Référentiel Géographique Commun (RGC.cd),health,6,Shabunda,06020604,MOESL4KbKoV,
28.408889386707,-1.99072614598132,r5997713,Référentiel Géographique Commun (RGC.cd),health,6,Bunyakiri,06020401,Th9eFA4VSq6,
28.4945085197536,-2.34235535765095,r5997714,Référentiel Géographique Commun (RGC.cd),health,6,Kalonge,06020402,iPD8STDLALc,
28.8861653558241,-1.77901864977459,r5997715,Référentiel Géographique Commun (RGC.cd),health,6,Minova,06020404,oNybyvjU5ZT,
28.7732060187367,-2.06261728117656,r5997716,Référentiel Géographique Commun (RGC.cd),health,6,Kalehe,,OWrtstWKEly,
28.8200347869359,-2.49297499708275,r5997789,Référentiel Géographique Commun (RGC.cd),health,6,Bagira,,aOghManYK5E,
28.8587325722397,-2.52067510558241,r5997790,Référentiel Géographique Commun (RGC.cd),health,6,Ibanda,,jOxDAa0HM4a,
28.8436632748448,-2.50982300880416,r5997791,Référentiel Géographique Commun (RGC.cd),health,6,Kadutu,,bfFprcRp0YO,
28.829921317969,-2.89032401458101,r6000238,Référentiel Géographique Commun (RGC.cd),health,6,Kaziba,06020802,a2dADiJAGrT,
28.5638057830705,-2.75718514817886,r6000239,Référentiel Géographique Commun (RGC.cd),health,6,Mubumbano,06020803,JzBIOZSJfmJ,
28.9215700497811,-2.71748709891362,r6000240,Référentiel Géographique Commun (RGC.cd),health,6,Nyangezi,06020804,sai4xbqW0CL,
28.7098198174446,-2.63488277430109,r6000241,Référentiel Géographique Commun (RGC.cd),health,6,Walungu,06020805,x4xQfjclCTo,
28.7265618756738,-2.41654139653629,r6000332,Référentiel Géographique Commun (RGC.cd),health,6,Kabare,06020301,zqUe1DuDMxH,
28.4052991788239,-2.53701095884397,r6000333,Référentiel Géographique Commun (RGC.cd),health,6,Kaniola,06020801,lXfXl6ZJQWI,
28.8706438050565,-2.5929230896287,r6000334,Référentiel Géographique Commun (RGC.cd),health,6,Nyantende,06020304,R1E0VjRQ4SN,
28.8361920421442,-2.33343996038468,r6000335,Référentiel Géographique Commun (RGC.cd),health,6,Miti-Murhesa,,cXkCT53xxfk,
28.7712541527392,-2.22451023786074,r6000336,Référentiel Géographique Commun (RGC.cd),health,6,Katana,,TpB2SUwsDbn,
28.0442584330252,1.2374481285332,r10595518,Référentiel Géographique Commun (RGC.cd),health,6,Nia Nia,,tWlaqwSUheI,
20.1278642079167,-2.58511831764155,r10625705,Référentiel Géographique Commun (RGC.cd),health,6,Mimia,,IIMpZbLeAvx,
19.7649615574525,-3.54675006049253,r10625844,Référentiel Géographique Commun (RGC.cd),health,6,Oshwe,,ZOLJkw5FviP,
24.6504213184099,0.68582622014219,r10625896,Référentiel Géographique Commun (RGC.cd),health,6,Yakusu,,IQjyCunMvUt,
21.3673376787605,-0.750250893119234,r10625915,Référentiel Géographique Commun (RGC.cd),health,6,Wema,,qa0zXM6tGPJ,
23.7081264816121,-9.41130764446497,r10626062,Référentiel Géographique Commun (RGC.cd),health,6,Kafakumba,,I42uxuyvTXt,
16.9971113661646,-2.07307966346652,r10626114,Référentiel Géographique Commun (RGC.cd),health,6,Ntandembelo,,Kts0Ppbd4En,
26.7350326709712,-10.2618582602967,r10626135,Référentiel Géographique Commun (RGC.cd),health,6,Bunkeya,,cw1CZyDiPyA,
27.3365722860701,-5.3135990525773,r10626188,Référentiel Géographique Commun (RGC.cd),health,6,Mbulula,,W7IdWpJnPra,
22.0048327928082,-1.01550083604806,r10627772,Référentiel Géographique Commun (RGC.cd),health,6,Busanga,,PpY62UBIBEf,Bosanga
22.3851452701618,-1.29939069744645,r10627881,Référentiel Géographique Commun (RGC.cd),health,6,Yalifafu,,pVmIEdIFeUJ,Yalifafo
23.0361442268244,-0.616487917759452,r10627958,Référentiel Géographique Commun (RGC.cd),health,6,Mondombe,,sJNFC3s1djp,
29.9161762713862,-7.68306804228601,r10641919,Référentiel Géographique Commun (RGC.cd),health,6,Moba,,adxBRCwSlWc,
18.6316831128456,-3.33054031162632,r10644694,Référentiel Géographique Commun (RGC.cd),health,6,Bosobe,,DlpIIdkVKyg,
18.5430813080686,-2.92751796077027,r10644988,Référentiel Géographique Commun (RGC.cd),health,6,Bokoro,,GcP2B8nmUVo,
18.4964691389267,-1.85146635467628,r10645448,Référentiel Géographique Commun (RGC.cd),health,6,Inongo,,PIT5UiywHIa,
19.4925339099832,-1.94700846552518,r10645635,Référentiel Géographique Commun (RGC.cd),health,6,Kiri,,dQ9r634pZZF,
19.0949906280136,-1.09804610342967,r10645718,Référentiel Géographique Commun (RGC.cd),health,6,Pendjwa,,NyvJf4zd0Sj,Penjwa
17.5998708943316,-1.80590585260755,r10645834,Référentiel Géographique Commun (RGC.cd),health,6,Banzow Moke,,Vf0Hzcf5ux3,Banjow Moke
16.5361839786264,-2.15268064823906,r10645988,Référentiel Géographique Commun (RGC.cd),health,6,Yumbi,,VOwZTRAt0Ak,
16.3662355581529,-2.65240609967962,r10646070,Référentiel Géographique Commun (RGC.cd),health,6,Bolobo,,MiaMAqYujLY,
16.6812099769036,-3.62934200136502,r10646281,Référentiel Géographique Commun (RGC.cd),health,6,Kwamouth,,nTMZjDaAgBb,
17.7149580599492,-2.85355809414108,r10646626,Référentiel Géographique Commun (RGC.cd),health,6,Nioki,,j89PZlq83OT,
17.136120883729,-2.52056091382968,r10646723,Référentiel Géographique Commun (RGC.cd),health,6,Mushie,,EDu64jGXwRe,
15.2871274263708,-4.33553310943667,r10647806,Référentiel Géographique Commun (RGC.cd),health,6,Kokolo,,Ab6jrKWO5EZ,
17.2710939477187,-4.71761861011185,r10649226,Référentiel Géographique Commun (RGC.cd),health,6,Kenge,,Qx104OFTrS6,
17.4272639927694,-3.524771871919,r10649812,Référentiel Géographique Commun (RGC.cd),health,6,Bandundu,,KJPFKwgcqyd,
16.3871042823902,-5.51389377609312,r10650093,Référentiel Géographique Commun (RGC.cd),health,6,Popokabaka,,Otc087GDtkQ,
15.3713564778237,-4.44092607891527,r10650282,Référentiel Géographique Commun (RGC.cd),health,6,Kimbanseke,,cycttnJlR4L,
16.7697387552328,-4.98881293042914,r10650494,Référentiel Géographique Commun (RGC.cd),health,6,Boko,,tUhIQ4MVPVI,
15.2855725527181,-4.40002938762299,r10650548,Référentiel Géographique Commun (RGC.cd),health,6,Selembao,,nbSOIch7Mbc,
17.9651419727884,-3.78130338494595,r10650714,Référentiel Géographique Commun (RGC.cd),health,6,Bagata,,k06WV7FTN9D,
18.5871697019167,-3.77494466494216,r10651244,Référentiel Géographique Commun (RGC.cd),health,6,Sia,,poOqTlUDT0A,
19.036864091661,-3.99857654193054,r10651675,Référentiel Géographique Commun (RGC.cd),health,6,Mokala,,tPnKr9Z2phW,
19.7987428293968,-4.32179969857525,r10651712,Référentiel Géographique Commun (RGC.cd),health,6,Ipamu,,jSLnBqCXCzW,
19.0081127423954,-5.51270335629027,r10692074,Référentiel Géographique Commun (RGC.cd),health,6,Mungindu,,CyHuq664hCU,
17.3887572026905,-6.30460020112348,r10692269,Référentiel Géographique Commun (RGC.cd),health,6,Wamba Lwadi,,xUfv1fcnAmb,
15.3040507033516,-4.3416518600637,r10692304,Référentiel Géographique Commun (RGC.cd),health,6,Kasa-Vubu,,TuzDrpZ9zzl,
15.3411714359286,-4.41852758405316,r10693364,Référentiel Géographique Commun (RGC.cd),health,6,Kisenso,,Vv9L3W7VMrX,
15.3512190873101,-4.38912482480858,r10693384,Référentiel Géographique Commun (RGC.cd),health,6,Matete,,UrJlHRGZGGJ,
19.9472516192087,-5.11929771289592,r10698315,Référentiel Géographique Commun (RGC.cd),health,6,Koshibanda,,O3KmMLK10ru,
16.9701851610289,-6.49941662175948,r10699153,Référentiel Géographique Commun (RGC.cd),health,6,Kasongo-Lunda,,eIpu2GCPTIP,
15.3359895592855,-4.35416474020503,r10699237,Référentiel Géographique Commun (RGC.cd),health,6,Limete,,JhJFxKnFvmJ,
17.6497894962855,-7.6695202780141,r10701097,Référentiel Géographique Commun (RGC.cd),health,6,Tembo,,dazaa6QjHa1,
19.8403597346048,-5.70808446952245,r10701242,Référentiel Géographique Commun (RGC.cd),health,6,Mukedi,,Tt1rjDuQtRh,
17.2116466411286,-5.46817114241435,r10701330,Référentiel Géographique Commun (RGC.cd),health,6,Kimbao,,lJaJ763sqNI,Kimbau
18.7087721044225,-5.80800336465635,r10704143,Référentiel Géographique Commun (RGC.cd),health,6,Kingandu,,QVjGTE0nOen,
18.4515057431932,-4.50297862137629,r10704176,Référentiel Géographique Commun (RGC.cd),health,6,Vanga,,fXTBfVcge4w,
18.5596028454496,-4.2235168505238,r10704192,Référentiel Géographique Commun (RGC.cd),health,6,Djuma,,IgSLfQbGSnF,
15.403439277763,-4.40763124101563,r10704911,Référentiel Géographique Commun (RGC.cd),health,6,Kingasani,,ZTt8HbFGrY4,
15.3583331740467,-4.35481129379462,r10705125,Référentiel Géographique Commun (RGC.cd),health,6,Kingabwa,,NwNyAitXVsr,
15.2987720108959,-4.35665155758026,r10705163,Référentiel Géographique Commun (RGC.cd),health,6,Ngiri-Ngiri,,LSvg2jR0rEQ,
15.3085482009199,-4.38295173293247,r10705228,Référentiel Géographique Commun (RGC.cd),health,6,Makala,,SqWL31RNyKx,
15.3220654634071,-4.38086045485957,r10705325,Référentiel Géographique Commun (RGC.cd),health,6,Ngaba,,vvrhCzWzc0J,
19.4204736370446,-4.42021925791569,r10705641,Référentiel Géographique Commun (RGC.cd),health,6,Kimputu,,GaFyM05saxx,
19.4687272613603,-5.15510980180756,r10705831,Référentiel Géographique Commun (RGC.cd),health,6,Idiofa,,riGgtQ9beB5,
18.9006791010448,-4.59729734681041,r10705881,Référentiel Géographique Commun (RGC.cd),health,6,Bulungu,,e6Wpbl5nqcD,
18.205243180375,-4.98983033203816,r10705895,Référentiel Géographique Commun (RGC.cd),health,6,Mosango,,JRaVxSGfJ9Z,
27.543273398666,-11.6182192389656,r10710313,Référentiel Géographique Commun (RGC.cd),health,6,Tshamilemba,,BdGu22qs6aS,
17.7947771625345,-4.93452362633449,r10711380,Référentiel Géographique Commun (RGC.cd),health,6,Masi-Manimba,,VYlgP4yyY7F,
17.7549154692092,-5.42393747591441,r10711412,Référentiel Géographique Commun (RGC.cd),health,6,Moanza,,N1K2MB4mUJ8,
18.2073429740707,-5.53851682526923,r10711575,Référentiel Géographique Commun (RGC.cd),health,6,Pay Kongila,,smw3DtURc1n,
18.5266648736021,-5.07306109208572,r10711627,Référentiel Géographique Commun (RGC.cd),health,6,Lusanga,,WziDY5wD1fX,
20.6746893136772,-4.30754501733741,r10711675,Référentiel Géographique Commun (RGC.cd),health,6,Ilebo,,g9sayFS8d1p,
18.7668691393573,-5.07385673504261,r10711739,Référentiel Géographique Commun (RGC.cd),health,6,Kikwit-Sud,,Y8Hlj8DpZHc,
18.8541117430669,-5.02468660064495,r10711762,Référentiel Géographique Commun (RGC.cd),health,6,Kikwit-Nord,,GaaOhIJU3Bx,
19.2119590222161,-5.88489634329602,r10712195,Référentiel Géographique Commun (RGC.cd),health,6,Gungu,,GuAIPcinFIj,
21.6973654869414,-4.41582002968737,r10712196,Référentiel Géographique Commun (RGC.cd),health,6,Bulape,,tTRg4cT07K7,
26.2244905245684,2.99046336537719,r10712234,Référentiel Géographique Commun (RGC.cd),health,6,Ganga,,QU7amTjhWlQ,
17.9146710284133,-4.44797403541226,r10712240,Référentiel Géographique Commun (RGC.cd),health,6,Yasa-Bonga,,NxFuYzZy7Bn,
27.0798410792024,-11.228535683781,r10712247,Référentiel Géographique Commun (RGC.cd),health,6,Kapolowe,,bAFJ18IAf2S,
17.1627585512942,-4.10016251952812,r10712315,Référentiel Géographique Commun (RGC.cd),health,6,Kikongo,,DrEgd3k7YFu,
20.54414131117,-5.60372156055079,r10712317,Référentiel Géographique Commun (RGC.cd),health,6,Banga Lubaka,,bNFyJIkjMdY,
26.2460874847712,4.45092414932607,r10712497,Référentiel Géographique Commun (RGC.cd),health,6,Ango,,rLPkZegjzaS,
23.4985304636087,4.17207310353714,r10712619,Référentiel Géographique Commun (RGC.cd),health,6,Bondo,,ebKZ38Ejpb5,
15.2371117983026,-4.35335330381812,r10713790,Référentiel Géographique Commun (RGC.cd),health,6,Binza Ozone,,m5B0okd0KaZ,
15.290495570988,-4.31156373706116,r10713870,Référentiel Géographique Commun (RGC.cd),health,6,Gombe,,L3vMLScAbZ6,
15.3257204488479,-4.31929649297087,r10713958,Référentiel Géographique Commun (RGC.cd),health,6,Barumbu,,uw3SOxNTDP4,
24.0741497500725,3.27376789044235,r10714130,Référentiel Géographique Commun (RGC.cd),health,6,Likati,,wqWNVs3uxpv,
23.3125657595912,-7.84609419288736,r10714205,Référentiel Géographique Commun (RGC.cd),health,6,Wikong,,gMiVopcM4An,
23.0230705975866,4.33785258762025,r10714334,Référentiel Géographique Commun (RGC.cd),health,6,Monga,,jFTjaBOa844,
23.3915490905125,-6.93522141471194,r10714335,Référentiel Géographique Commun (RGC.cd),health,6,Mwene Ditu,,yft32K4WOYZ,
23.4191859552102,-7.01207699987769,r10714406,Référentiel Géographique Commun (RGC.cd),health,6,Makota,,x0EmG1LRyjy,
24.0383881829347,-6.76088783789597,r10714556,Référentiel Géographique Commun (RGC.cd),health,6,Ngandajika,,TQFaajAiBvD,
24.9788698734515,2.83432522863899,r10714740,Référentiel Géographique Commun (RGC.cd),health,6,Buta,,pggZxV6O3iF,
23.5911485147768,2.68032517553326,r10715330,Référentiel Géographique Commun (RGC.cd),health,6,Aketi,,LOm8B3vy1qR,
25.6123310494071,2.8674469141843,r10715349,Référentiel Géographique Commun (RGC.cd),health,6,Titule,,EgtXyZdGsLP,
23.8963995895681,-6.57928629442304,r10715379,Référentiel Géographique Commun (RGC.cd),health,6,Mulumba,,Ca5EitY4zzl,
24.4891021125214,4.24804129284565,r10715430,Référentiel Géographique Commun (RGC.cd),health,6,Bili,,CO06cO2i4Nm,
26.8879125080414,2.98383950556214,r10715713,Référentiel Géographique Commun (RGC.cd),health,6,Poko,,iqV2dwy0B1b,
27.5556524976455,3.29711598835942,r10715766,Référentiel Géographique Commun (RGC.cd),health,6,Viadana,,joxrJQ6anPt,
25.9605274413173,-2.9516313232979,r10715903,Référentiel Géographique Commun (RGC.cd),health,6,Alunguli,,w1BnPOcmluI,
25.8995217877044,-2.95443618265898,r10715904,Référentiel Géographique Commun (RGC.cd),health,6,Kindu,,lbUq2j3aRYh,
25.7498431994653,-2.55990526196828,r10716215,Référentiel Géographique Commun (RGC.cd),health,6,Kailo,,ZHRREbCOGwG,
23.2398380749685,-6.70687527989916,r10716397,Référentiel Géographique Commun (RGC.cd),health,6,Kamiji,,rg471npPLBo,
26.6508234549794,-6.97875996686471,r10717067,Référentiel Géographique Commun (RGC.cd),health,6,Ankoro,,dihBljVQG6z,
26.9768286965056,-6.1666077978192,r10717165,Référentiel Géographique Commun (RGC.cd),health,6,Kabalo,,QmaankDWQSm,
20.4573919954237,-6.08359267026667,r10717294,Référentiel Géographique Commun (RGC.cd),health,6,Nyanga,,ilgYm3DfbGP,
26.5879885292461,-5.39595482075385,r10717334,Référentiel Géographique Commun (RGC.cd),health,6,Kongolo,,rDRhOPd3q1u,
21.631434829468,-5.01276666223952,r10717391,Référentiel Géographique Commun (RGC.cd),health,6,Mweka,,dw1XnGf2aaU,
21.3438394816197,-6.95099628908121,r10717551,Référentiel Géographique Commun (RGC.cd),health,6,Mutena,,g0UqlSRyINa,
15.2807237412632,-4.34619499908261,r10717570,Référentiel Géographique Commun (RGC.cd),health,6,Bandalungwa,,BjbUZ5acV7t,
20.540541271116,-6.63992693905557,r10717661,Référentiel Géographique Commun (RGC.cd),health,6,Tshikapa,,rsaI3zncNG9,
21.5964926368978,-5.59733740647268,r10717735,Référentiel Géographique Commun (RGC.cd),health,6,Luebo,,d9la4YKNnto,
28.8712040322837,-6.34704040711124,r10717763,Référentiel Géographique Commun (RGC.cd),health,6,Kalemie,,kH7KijWY3eF,
29.1836264279573,-7.29383017243548,r10717977,Référentiel Géographique Commun (RGC.cd),health,6,Kansimba,,dj29qACRqOf,
15.3760270098446,-4.38043624253459,r10718090,Référentiel Géographique Commun (RGC.cd),health,6,Masina I,,F0zQH8NbaIx,
29.0719822822764,-2.06011157859911,r10718672,Référentiel Géographique Commun (RGC.cd),health,6,Idjwi,,Bxi65HPz420,
15.247662916578,-4.40093269519839,r10718839,Référentiel Géographique Commun (RGC.cd),health,6,Binza Meteo,,ShcGSNMpF7z,
15.2934418030169,-4.37259089501694,r10718886,Référentiel Géographique Commun (RGC.cd),health,6,Bumbu,,sZ2goXLKmQX,
15.3013482602151,-4.32557137302145,r10718914,Référentiel Géographique Commun (RGC.cd),health,6,Lingwala,,qbe5m6fVfMT,
15.3129636500021,-4.35159050223831,r10718953,Référentiel Géographique Commun (RGC.cd),health,6,Kalamu I,,D1jF9OzETge,
28.1369456927083,-7.44828038685932,r10719126,Référentiel Géographique Commun (RGC.cd),health,6,Kiambi,,pCawLGK8jaD,
27.3112662126471,-7.19496702851824,r10719140,Référentiel Géographique Commun (RGC.cd),health,6,Manono,,oU2G5jtXxFx,
27.7052491218044,-5.8413201204427,r10719222,Référentiel Géographique Commun (RGC.cd),health,6,Nyunzu,,uz41FkMd6Gb,
28.8926992834435,-5.47572250869278,r10719289,Référentiel Géographique Commun (RGC.cd),health,6,Nyemba,,SpDmHrCCVal,
20.9099630047171,4.25798535663322,r10719351,Référentiel Géographique Commun (RGC.cd),health,6,Gbadolite,,lIWxyiAegfN,
21.4404941761635,4.12568865644581,r10719378,Référentiel Géographique Commun (RGC.cd),health,6,Mobayi Mbongo,,e3onjTOWxjS,
19.5938340240853,4.40207265,r10719447,Référentiel Géographique Commun (RGC.cd),health,6,Bosobolo,,HT0MyE7KoXx,
20.00930185,4.74360934626375,r10719515,Référentiel Géographique Commun (RGC.cd),health,6,Bili,,aU2jY9HAg9u,
22.2724742480766,4.03107011104393,r10719539,Référentiel Géographique Commun (RGC.cd),health,6,Yakoma,,Bou7OgEKEp1,
22.0765636718411,3.75001578447683,r10719561,Référentiel Géographique Commun (RGC.cd),health,6,Wasolo,,PzrqwW6m5Wz,
22.9186884583326,3.70689401924042,r10719596,Référentiel Géographique Commun (RGC.cd),health,6,Wapinda,,CSvyaLZJiEt,
22.2659615814753,3.30695290366855,r10719623,Référentiel Géographique Commun (RGC.cd),health,6,Abuzi,,a4pMwNr59bj,
21.4377465117646,3.21781397868972,r10719670,Référentiel Géographique Commun (RGC.cd),health,6,Businga,,R9J0n0C1U0s,
21.1875424792338,3.75574730035186,r10719687,Référentiel Géographique Commun (RGC.cd),health,6,Loko,,ARnHjae4l5S,
20.4681357799274,3.2817718813621,r10719731,Référentiel Géographique Commun (RGC.cd),health,6,Karawa,,N3EOJsjCXzW,
22.8384523558689,-3.73068131735386,r10720215,Référentiel Géographique Commun (RGC.cd),health,6,Bena Dibele,,Qx49Xk4whc5,
20.5897316651933,-4.95443720222541,r10720426,Référentiel Géographique Commun (RGC.cd),health,6,Mikope,,vy2yqOs0J70,
15.4053797617347,-4.44403341085798,r10720731,Référentiel Géographique Commun (RGC.cd),health,6,Biyela,,QzpHCAKe31e,
20.064639565238,-6.49153148947169,r10720757,Référentiel Géographique Commun (RGC.cd),health,6,Kitangwa,,IDFKkakVBRc,
21.3664575663324,-3.2344665313344,r10721079,Référentiel Géographique Commun (RGC.cd),health,6,Dekese,,Z3lr3MOHNLH,
23.5989304172978,-6.10150282152999,r10721218,Référentiel Géographique Commun (RGC.cd),health,6,Diulu,,f1b3q0aLFzW,
15.4035036026558,-4.38782153196546,r10721233,Référentiel Géographique Commun (RGC.cd),health,6,Masina II,,hL8oJfWHx3g,
15.4334227440373,-4.43901428658448,r10721872,Référentiel Géographique Commun (RGC.cd),health,6,Kikimi,,wTaqhPcijDM,
15.5655143331275,-4.39593333974232,r10721938,Référentiel Géographique Commun (RGC.cd),health,6,Nsele,,m0D9iUAjJ1G,
23.5119408715785,-6.20162875022612,r10721977,Référentiel Géographique Commun (RGC.cd),health,6,Tshishimbi,,PuF5BL8Npna,
15.2702507979052,-4.53837259603936,r10722043,Référentiel Géographique Commun (RGC.cd),health,6,Mont Ngafula I,,ubl3NORPhsC,
15.1892860755429,-4.42300308541001,r10722111,Référentiel Géographique Commun (RGC.cd),health,6,Mont Ngafula II,,gMhYDNcoZSe,
15.3753798617204,-4.40671809396153,r10722139,Référentiel Géographique Commun (RGC.cd),health,6,Ndjili,,rK2ODHilbAP,
15.3203146811139,-4.34943551891015,r10722170,Référentiel Géographique Commun (RGC.cd),health,6,Kalamu II,,Z3DMBdrM8Df,
15.2667589339139,-4.34285537791116,r10722205,Référentiel Géographique Commun (RGC.cd),health,6,Kintambo,,oeP2sQLMCuy,
16.1844520092914,-4.48220840919882,r10722957,Référentiel Géographique Commun (RGC.cd),health,6,Maluku II,,nq4LAyXUm8a,
15.3118379678382,-4.32185416494214,r10723174,Référentiel Géographique Commun (RGC.cd),health,6,Kinshasa,,xZy8t34pvs6,
22.3674503752105,-8.34550610118237,r10723470,Référentiel Géographique Commun (RGC.cd),health,6,Kapanga,,qdhfi48INZJ,
23.2801268614145,-8.55519591922624,r10723611,Référentiel Géographique Commun (RGC.cd),health,6,Kalamba,,Ux1WH67fWJJ,
22.5531211890531,-9.38635512031672,r10723676,Référentiel Géographique Commun (RGC.cd),health,6,Sandoa,,yIYFKwCgYVZ,
23.5428189949737,-6.08384109544476,r10724074,Référentiel Géographique Commun (RGC.cd),health,6,Mpokolo,,v4bwDhzBFks,
23.6109519481305,-6.11571979356933,r10724106,Référentiel Géographique Commun (RGC.cd),health,6,Kansele,,HN9etyIXrEE,
23.6208858163112,-6.1306434954077,r10724168,Référentiel Géographique Commun (RGC.cd),health,6,Dibindi,,Z5I1TvCKVcG,
23.6070101525548,-6.13463276618496,r10724280,Référentiel Géographique Commun (RGC.cd),health,6,Lubilanji,,FvSLntNvpao,
23.5517522643862,-6.13626016365007,r10724352,Référentiel Géographique Commun (RGC.cd),health,6,Nzaba,,amSVlGShY91,
23.5762215225929,-6.09018231233779,r10724412,Référentiel Géographique Commun (RGC.cd),health,6,Bipemba,,xx5xiY5vVBa,
22.5920356751408,-10.5669102955227,r10725722,Référentiel Géographique Commun (RGC.cd),health,6,Dilolo,,kwvvScW5Xgj,
29.1801850214783,-1.65377148828765,r10726014,Référentiel Géographique Commun (RGC.cd),health,6,Goma,,t8tjGKVhkl3,
15.8262452463225,-4.4893580958379,r10727735,Référentiel Géographique Commun (RGC.cd),health,6,Maluku I,,tkbMhp2kIT2,
20.8714864867077,-6.91815909794144,r10727961,Référentiel Géographique Commun (RGC.cd),health,6,Kamonia,,BTGp4czwZRN,
24.6227472162524,-10.7270412611929,r10728006,Référentiel Géographique Commun (RGC.cd),health,6,Mutshatsha,,S0Ne5rWQhxw,
21.051445211833,-5.70997042910451,r10729201,Référentiel Géographique Commun (RGC.cd),health,6,Ndjoko-Mpunda,,phRBB1s5LJX,
23.6309089800079,-6.09991678224136,r10730048,Référentiel Géographique Commun (RGC.cd),health,6,Muya,,HllryitwQ4u,
23.5880670697337,-6.14444609602084,r10730368,Référentiel Géographique Commun (RGC.cd),health,6,Bonzola,,ZxyZ7L3ynso,
23.6457176340532,-6.11677355465198,r10730531,Référentiel Géographique Commun (RGC.cd),health,6,Lukelenge,,ucEXrvC3lau,
23.3283967955997,-6.14898376425572,r10730673,Référentiel Géographique Commun (RGC.cd),health,6,Miabi,,vyzwR6KnN2M,
23.6098824353748,-6.54880773555138,r10731051,Référentiel Géographique Commun (RGC.cd),health,6,Kasansa,,w9GBwODOJNY,
23.6901162532632,-6.29253722310301,r10731106,Référentiel Géographique Commun (RGC.cd),health,6,Tshilenge,,sxo8WzGfbXk,
23.7291367039917,-6.1291159327252,r10731264,Référentiel Géographique Commun (RGC.cd),health,6,Citenge,,EpoRodQJ1La,Tshitenge
23.5709885702931,-5.87015643205014,r10731419,Référentiel Géographique Commun (RGC.cd),health,6,Mukumbi,,L4fvzJb0ijt,
26.2043599547947,-10.1118543342877,r10731669,Référentiel Géographique Commun (RGC.cd),health,6,Lubudi,,goYHUDWT3jn,
23.5727126985573,-10.4352412142558,r10731780,Référentiel Géographique Commun (RGC.cd),health,6,Kasaji,,kiFDojGFG3x,
25.1509180112417,-10.5544836273476,r10731848,Référentiel Géographique Commun (RGC.cd),health,6,Dilala,,mSQE0BqfXOy,
25.6325281277444,-10.9776446350149,r10731883,Référentiel Géographique Commun (RGC.cd),health,6,Lualaba,,uFV6BUpJi7E,
25.6270943048577,-9.92030277382314,r10731903,Référentiel Géographique Commun (RGC.cd),health,6,Kanzenze,,yAdgorGUtcE,
26.248251490713,-10.764643463835,r10731916,Référentiel Géographique Commun (RGC.cd),health,6,Fungurume,,eWGgthNBOZ8,
18.2670832305084,-6.27127843651639,r10732659,Référentiel Géographique Commun (RGC.cd),health,6,Feshi,,vyNZCFIed9O,
18.9518614546852,-6.47155232140413,r10732747,Référentiel Géographique Commun (RGC.cd),health,6,Kisanji,,ni4XTmpzmVX,
23.3128765374337,-6.34099850089935,r10733098,Référentiel Géographique Commun (RGC.cd),health,6,Cilundu,,GZJ4wCF5dr8,
23.111336589895,-6.0367862013507,r10733116,Référentiel Géographique Commun (RGC.cd),health,6,Kabeya Kamwanga,,k7iudxSjdn7,Kabeya Kamuanga
24.4842597186234,-5.715193995027,r10733137,Référentiel Géographique Commun (RGC.cd),health,6,Ludimbi Lukula,,v92Jk9YbTsC,
20.2727551950272,1.33797137041063,r10733649,Référentiel Géographique Commun (RGC.cd),health,6,Djombo,,gcWEhRl00iJ,
23.9682019487608,-6.08091287507863,r10733710,Référentiel Géographique Commun (RGC.cd),health,6,Bibanga,,pzMw9DUQ6An,
24.8061791381171,-3.07988265713747,r10733767,Référentiel Géographique Commun (RGC.cd),health,6,Katako Kombe,,IPDJ2AFLJ1q,
24.9645042801925,-5.21481540189739,r10734094,Référentiel Géographique Commun (RGC.cd),health,6,Tshofa,,JMyFFcdmIMU,
27.32915494669,2.39716533000199,r10734205,Référentiel Géographique Commun (RGC.cd),health,6,Isiro,,lW6NlTXqGcv,
21.3120572195108,-6.3963879777861,r10734218,Référentiel Géographique Commun (RGC.cd),health,6,Kamwesha,,j6OryFADgoN,
27.5588220652288,2.33985234070995,r10734275,Référentiel Géographique Commun (RGC.cd),health,6,Pawa,,ZxQY9szHMx5,
24.441647157185,-6.24414675974382,r10734339,Référentiel Géographique Commun (RGC.cd),health,6,Kabinda,,S7r6j8vvjBa,
23.7877417103826,-2.30647392366399,r10734459,Référentiel Géographique Commun (RGC.cd),health,6,Lomela,,L08zgLln431,
22.7260832112895,-2.4078051520688,r10734589,Référentiel Géographique Commun (RGC.cd),health,6,Tshudi Loto,,hdi8WfQrxeD,
29.3239605139538,0.12005829949881,r10734614,Référentiel Géographique Commun (RGC.cd),health,6,Katwa,,woJBeEpIZdy,
22.3118078910888,-3.66754533550246,r10734638,Référentiel Géographique Commun (RGC.cd),health,6,Kole,,aUOLee25Tko,
24.4285926897549,-6.68002759201342,r10734641,Référentiel Géographique Commun (RGC.cd),health,6,Kalambayi Kabanga,,hyVNQXTLM57,
19.8672739190441,1.01035544529583,r10734645,Référentiel Géographique Commun (RGC.cd),health,6,Basankusu,,rxk1YvYKi7j,
23.1423305865318,-4.92575952916601,r10734653,Référentiel Géographique Commun (RGC.cd),health,6,Lusambo,,x6qA2FLnw1e,
20.084957818601,0.083245968384456,r10734662,Référentiel Géographique Commun (RGC.cd),health,6,Monieka,,FXSygz18Lfk,
23.8087973697644,-5.13213245057666,r10734690,Référentiel Géographique Commun (RGC.cd),health,6,Pania Mutombo,,yzgZ77cqLEc,
20.8484066092345,-6.14483307574509,r10734734,Référentiel Géographique Commun (RGC.cd),health,6,Kalonda Ouest,,jCOBMIbRlMV,
24.1334585102693,-4.79195322210035,r10734762,Référentiel Géographique Commun (RGC.cd),health,6,Minga,,S6nnhxGaPR3,
29.3093361047397,-0.112036442836149,r10734802,Référentiel Géographique Commun (RGC.cd),health,6,Masereka,,kQCMPbHKQ93,
24.6620708202045,-4.72170606160858,r10734866,Référentiel Géographique Commun (RGC.cd),health,6,Tshumbe,,fjTwDPXTHPR,
25.0293613961855,-6.41491471397239,r10734877,Référentiel Géographique Commun (RGC.cd),health,6,Kalonda Est,,HDHPGpYow9n,
24.6284501737985,-3.94122138617841,r10734900,Référentiel Géographique Commun (RGC.cd),health,6,Wembo Nyama,,dw6cxRCsTBH,
23.500983440832,-3.41129456049089,r10734922,Référentiel Géographique Commun (RGC.cd),health,6,Lodja,,fJD7wOwwi4M,
23.4758427802413,-3.81497009134843,r10735130,Référentiel Géographique Commun (RGC.cd),health,6,Vanga Kete,,UXxD0fWI2yS,
25.3822694855466,-5.82384754500659,r10735175,Référentiel Géographique Commun (RGC.cd),health,6,Kamana,,KxcxIF0z6y3,
23.3284642979281,-3.06901300466901,r10735194,Référentiel Géographique Commun (RGC.cd),health,6,Omendjadi,,Bf1FDCIjIoE,
24.1209820075678,-3.2867176553308,r10735386,Référentiel Géographique Commun (RGC.cd),health,6,Djalo Djeka,,lDx3qiOSC3F,
27.7645415285798,2.23992838114045,r10735442,Référentiel Géographique Commun (RGC.cd),health,6,Boma-Mangbetu,,qwBasnNFRFW,
25.9863009283021,-5.64852930372728,r10735460,Référentiel Géographique Commun (RGC.cd),health,6,Lubao,,hhPQBTvWnWR,
23.3794240644822,-4.57573519103034,r10735464,Référentiel Géographique Commun (RGC.cd),health,6,Ototo,,Rw3GsgKRHj5,
28.0661191141798,2.09545190363622,r10735474,Référentiel Géographique Commun (RGC.cd),health,6,Wamba,,ET5R8zSN3gm,
24.2279182516284,-4.2640046065447,r10735720,Référentiel Géographique Commun (RGC.cd),health,6,Dikungu,,TJpOhLF2cXo,
28.0832721351466,2.83655429048112,r10735985,Référentiel Géographique Commun (RGC.cd),health,6,Rungu,,EGoMVOvVUAp,
30.3332439150542,3.64888760697675,r10736154,Référentiel Géographique Commun (RGC.cd),health,6,Aba,,NC2xavZLq2a,
27.9266019731123,3.50189759316026,r10736402,Référentiel Géographique Commun (RGC.cd),health,6,Niangara,,PDPn74NtJzs,
26.8263081628354,-0.52493346806106,r10736520,Référentiel Géographique Commun (RGC.cd),health,6,Lubutu,,HtQZ7yf79SN,
26.6888074643279,-1.09451062937958,r10736534,Référentiel Géographique Commun (RGC.cd),health,6,Obokote,,BsSB1PA58Qp,
26.0877346979474,-1.68397673458923,r10736579,Référentiel Géographique Commun (RGC.cd),health,6,Ferekeni,,YuGk2dXTvKj,
26.9945668789536,-1.70545538682721,r10736621,Référentiel Géographique Commun (RGC.cd),health,6,Punia,,EyMlz2Qvcmt,
24.228636498048,-1.07337316675998,r10737129,Référentiel Géographique Commun (RGC.cd),health,6,Opala,,G2crAXygKeF,
25.6264935505006,-1.27815029249648,r10737234,Référentiel Géographique Commun (RGC.cd),health,6,Lowa,,cbLNDeAYrGo,
20.8085453491698,-6.50081031362174,r10737339,Référentiel Géographique Commun (RGC.cd),health,6,Kanzala,,YyPtkSv7bB3,
24.9702047690871,-0.473401688843399,r10737375,Référentiel Géographique Commun (RGC.cd),health,6,Ubundu,,ThkZT6koPKj,
19.6919514798372,-0.791433357060138,r10737859,Référentiel Géographique Commun (RGC.cd),health,6,Lotumbe,,CeO42blQ92C,
22.2836184732068,-5.05028496329478,r10737880,Référentiel Géographique Commun (RGC.cd),health,6,Bena Leka,,HYPBUncgldT,
18.854712123328,-0.47372133618461,r10737951,Référentiel Géographique Commun (RGC.cd),health,6,Ingende,,ER2ozdS2Ysm,
27.5493055213083,4.49258059173833,r10738085,Référentiel Géographique Commun (RGC.cd),health,6,Doruma,,ZEGVJVjXJJW,
28.8816102108627,3.75233152248008,r10738207,Référentiel Géographique Commun (RGC.cd),health,6,Dungu,,GkqfQB4CBwt,
26.0503119697244,0.098907116483018,r10738208,Référentiel Géographique Commun (RGC.cd),health,6,Wanierukula,,RowlA1nBHee,
18.5959068115518,-0.922352732256428,r10738227,Référentiel Géographique Commun (RGC.cd),health,6,Iboko,,QltsFPvfG7J,
29.8886790736739,3.81320025621182,r10738268,Référentiel Géographique Commun (RGC.cd),health,6,Faradje,,H0UZDpNtJ17,
28.9727386288034,0.233477783894673,r10738372,Référentiel Géographique Commun (RGC.cd),health,6,Biena,,TtaXlLIpy8b,
26.5837522234961,-3.48370511594592,r10738401,Référentiel Géographique Commun (RGC.cd),health,6,Kampene,,y08g1DjhBXu,
30.062579331126,2.98970036955535,r10738404,Référentiel Géographique Commun (RGC.cd),health,6,Makoro,,yNXb6VSdyPw,
22.3172810745622,-5.47913982067119,r10738414,Référentiel Géographique Commun (RGC.cd),health,6,Demba,,F8Spet7wqMK,
26.5945564710763,-2.70399700929733,r10738443,Référentiel Géographique Commun (RGC.cd),health,6,Kalima,,IpT4QLSAYMK,
27.2585822776324,0.22917285467558,r10738449,Référentiel Géographique Commun (RGC.cd),health,6,Opienge,,G1OIhUfxLw5,
22.6314954530133,-5.61567261281032,r10738462,Référentiel Géographique Commun (RGC.cd),health,6,Mutoto,,QtlqWolz843,
29.0260865270428,2.90606780605304,r10738501,Référentiel Géographique Commun (RGC.cd),health,6,Gombari,,h1dItcsoHRw,
29.6789077179917,2.73085958731596,r10739720,Référentiel Géographique Commun (RGC.cd),health,6,Watsa,,mS2mByLHkzL,
28.0704600731879,-4.62080563135285,r10739745,Référentiel Géographique Commun (RGC.cd),health,6,Kabambare,,ncFyk9qnjro,
23.7661068029388,-6.92258088442854,r10739771,Référentiel Géographique Commun (RGC.cd),health,6,Kanda Kanda,,LREYTGTn3sk,
19.4367742584478,1.57960674915177,r10739982,Référentiel Géographique Commun (RGC.cd),health,6,Boso Mondanda,,rWbNwJffOMY,
27.4719548947939,-4.14913820710678,r10740126,Référentiel Géographique Commun (RGC.cd),health,6,Saramabila,,aPONdpnYXAn,
21.1110833990474,1.83871054114184,r10740221,Référentiel Géographique Commun (RGC.cd),health,6,Pimu,,YrNj0gTvp4l,
22.0481367092026,1.95962564356767,r10740307,Référentiel Géographique Commun (RGC.cd),health,6,Bosondjo,,jm3dqXXoblR,
23.7937313475261,-7.51932668727209,r10740320,Référentiel Géographique Commun (RGC.cd),health,6,Luputa,,gYjfhzYH5ra,
25.7438850085451,-4.07870435714772,r10740340,Référentiel Géographique Commun (RGC.cd),health,6,Kibombo,,FMXSE1MWvdO,
22.1155104922964,2.44828645143093,r10740342,Référentiel Géographique Commun (RGC.cd),health,6,Yamaluka,,Yo6u0UIHrfc,
23.4587563213724,-7.45046578074077,r10740354,Référentiel Géographique Commun (RGC.cd),health,6,Kalenda,,vnt8fprZWxI,
25.239962026507,-4.11114095,r10740405,Référentiel Géographique Commun (RGC.cd),health,6,Tunda,,BmjuXfI9o9i,
26.6983839695903,-3.15657487003647,r10740457,Référentiel Géographique Commun (RGC.cd),health,6,Pangi,,ie0dbeVpvnB,
26.6513990362979,-4.24612618667976,r10740644,Référentiel Géographique Commun (RGC.cd),health,6,Kasongo,,MRRlnyr6MW6,
27.2378115705901,-4.66741960615275,r10740701,Référentiel Géographique Commun (RGC.cd),health,6,Lusangi,,rmoJzmAeUZq,
26.3143470430271,-4.60777874036515,r10740762,Référentiel Géographique Commun (RGC.cd),health,6,Samba,,SWIUdbyuNVh,
26.0993096500314,-3.804063688991,r10740972,Référentiel Géographique Commun (RGC.cd),health,6,Kunda,,MMeukZwYdI1,
22.6886886935569,2.23482017360408,r10741097,Référentiel Géographique Commun (RGC.cd),health,6,Bumba,,KxsehuKFqW3,
20.7405838433551,-1.59545539635148,r10741182,Référentiel Géographique Commun (RGC.cd),health,6,Monkoto,,VnNdiJcF3rF,
22.9721484771495,-5.48728000469744,r10741341,Référentiel Géographique Commun (RGC.cd),health,6,Katende,,Ko8qaFXjOIM,
23.4331799196395,-5.51412120805576,r10741359,Référentiel Géographique Commun (RGC.cd),health,6,Lubunga,,FTamklKvHl5,
22.6936634569976,-4.85320081847586,r10741396,Référentiel Géographique Commun (RGC.cd),health,6,Muetshi,,Ied3F9RYVfg,
22.6993868008604,-4.51109571469945,r10741408,Référentiel Géographique Commun (RGC.cd),health,6,Bena Tshiadi,,CXIGn9khu8A,
22.3308280524823,-5.87910449902797,r10741420,Référentiel Géographique Commun (RGC.cd),health,6,Katoka,,dwBRSfVBpk6,
22.424788067213,-5.92678987281055,r10741439,Référentiel Géographique Commun (RGC.cd),health,6,Kananga,,m2DHxGhogWK,
17.8781480920586,-1.11916393083461,r10741776,Référentiel Géographique Commun (RGC.cd),health,6,Ntondo,,Tt7ZtAGLNOp,
26.4551532069103,1.00851369466957,r10741849,Référentiel Géographique Commun (RGC.cd),health,6,Bafwasende,,pLBZiohnxFC,
26.8758842826594,1.66007287509762,r10741953,Référentiel Géographique Commun (RGC.cd),health,6,Bafwagbogbo,,jaNYqjAceGA,
17.1070931704918,-1.46227732746968,r10741980,Référentiel Géographique Commun (RGC.cd),health,6,Lukolela,,hH0vfyk0M5B,
17.7051563281348,-0.69154683031212,r10742016,Référentiel Géographique Commun (RGC.cd),health,6,Irebu,,p40o8g3kdQL,
22.8136617515081,2.54605143778555,r10742450,Référentiel Géographique Commun (RGC.cd),health,6,Yamongili,,wqYpElLVfnN,
23.213108110017,2.30481074164079,r10742484,Référentiel Géographique Commun (RGC.cd),health,6,Lolo,,Kc3iE3HU6mA,
22.3180969492047,2.88395151130856,r10742496,Référentiel Géographique Commun (RGC.cd),health,6,Yambuku,,J1sz6yfmelr,
22.3461344168515,1.15950929870444,r10742650,Référentiel Géographique Commun (RGC.cd),health,6,Lingomo,,hM2ZsK1vEox,
21.2918538727545,1.1969156931764,r10742781,Référentiel Géographique Commun (RGC.cd),health,6,Bongandanga,,DvgAtRmciu7,
20.4271192697734,2.14140321814381,r10742922,Référentiel Géographique Commun (RGC.cd),health,6,Binga,,a0M4XJunan2,
22.6107279074439,0.355690593100539,r10742947,Référentiel Géographique Commun (RGC.cd),health,6,Djolu,,J7p1ASHGpX4,
21.3439902981635,2.25815646397594,r10742997,Référentiel Géographique Commun (RGC.cd),health,6,Lisala,,Xol9qIrf1Gi,
18.0150125388957,-0.2101103396279,r10742998,Référentiel Géographique Commun (RGC.cd),health,6,Bolenge,,MMnBp2lllhf,
21.2137151618442,2.8586676650489,r10743015,Référentiel Géographique Commun (RGC.cd),health,6,Boso Manzi,,w70GpRgNj01,
20.5586486844835,-0.360178875449781,r10743020,Référentiel Géographique Commun (RGC.cd),health,6,Boende,,Uyz1XxXNBKB,
22.4588623389943,-5.86457926536345,r10743030,Référentiel Géographique Commun (RGC.cd),health,6,Lukonga,,SAt8yoeSMjD,
20.9284284744139,0.580940209261186,r10743054,Référentiel Géographique Commun (RGC.cd),health,6,Befale,,gBHYNsh9EjA,
22.745530903338,-6.02145896735314,r10743170,Référentiel Géographique Commun (RGC.cd),health,6,Tshikula,,k3UBz1nclY7,
22.5604613381741,-6.3938246845565,r10743251,Référentiel Géographique Commun (RGC.cd),health,6,Bunkonde,,Al39AWPqFCc,
21.8483981554424,0.346745886775078,r10743274,Référentiel Géographique Commun (RGC.cd),health,6,Mompono,,Oiv2yYIjRrm,
22.0281480885528,-0.382040638173642,r10743294,Référentiel Géographique Commun (RGC.cd),health,6,Bokungu,,rhVkq8RX6BV,
22.2533278085239,-6.55517542690554,r10743622,Référentiel Géographique Commun (RGC.cd),health,6,Bilomba,,FwiMpLozKls,
22.4664320358878,-5.99030970693739,r10743635,Référentiel Géographique Commun (RGC.cd),health,6,Tshikaji,,U6rNBblejC5,
22.3925787538382,-5.83316201153966,r10743677,Référentiel Géographique Commun (RGC.cd),health,6,Ndesha,,wq3tWiKJkNr,
18.3542621930915,0.20815316667263,r10743762,Référentiel Géographique Commun (RGC.cd),health,6,Mbandaka,,DmRUZqBRNzB,
25.6009489920903,1.71031067376226,r10743772,Référentiel Géographique Commun (RGC.cd),health,6,Banalia,,WxBLTUjeyfB,
17.9935854667085,0.109874967087135,r10743859,Référentiel Géographique Commun (RGC.cd),health,6,Lilanga Bobangi,,N1S6mK9QTE5,
21.6044742046031,-6.80652941437783,r10744158,Référentiel Géographique Commun (RGC.cd),health,6,Kalomba,,r9jRmNpYalx,
22.0788983949926,-7.4664330714746,r10744232,Référentiel Géographique Commun (RGC.cd),health,6,Luambo,,lRLzCt3aMHM,
22.5454071421622,-6.97394218215515,r10745451,Référentiel Géographique Commun (RGC.cd),health,6,Luiza,,etpyShZCZEs,
22.0349697186927,-6.86657217672157,r10745482,Référentiel Géographique Commun (RGC.cd),health,6,Tshibala,,AH4FtBD4MqK,
22.4970962968691,-7.58486914077719,r10745495,Référentiel Géographique Commun (RGC.cd),health,6,Masuika,,hi9gSpIVzai,
21.8810892535175,-6.32675380706503,r10745523,Référentiel Géographique Commun (RGC.cd),health,6,Ndekesha,,mixGG8ryrT9,
22.1063304612809,-6.05121047559021,r10745540,Référentiel Géographique Commun (RGC.cd),health,6,Mikalayi,,csMZZqDFCvW,
22.7511156765507,-6.6548878297725,r10745583,Référentiel Géographique Commun (RGC.cd),health,6,Lubondaie,,ZIEdn6Pptv7,
22.974701801862,-7.39338205591089,r10746001,Référentiel Géographique Commun (RGC.cd),health,6,Yangala,,OxPPcQLweov,
22.3900799427729,-5.9698172506015,r10746069,Référentiel Géographique Commun (RGC.cd),health,6,Bobozo,,MlE1k08houk,
18.7848689305355,1.25970614293649,r10746932,Référentiel Géographique Commun (RGC.cd),health,6,Makanza,,nXXpnAQ8M3v,
24.2470608432234,1.6208928674538,r10747199,Référentiel Géographique Commun (RGC.cd),health,6,Basali,,yS5rrhCjubi,
19.0345845942688,4.11692899036281,r10747689,Référentiel Géographique Commun (RGC.cd),health,6,Libenge,,ArdlF8PnpYL,
18.7153480920891,4.17611929385968,r10747715,Référentiel Géographique Commun (RGC.cd),health,6,Zongo,,QNFYEQrW7Dy,
18.8618201979935,3.21558093289427,r10747731,Référentiel Géographique Commun (RGC.cd),health,6,Mawuya,,HL8XdWF8Sne,
16.0329013083147,-5.43132466772496,r10747750,Référentiel Géographique Commun (RGC.cd),health,6,Kimvula,,ZSbsXl7Zsf8,
18.58525512067,2.34236142648742,r10747795,Référentiel Géographique Commun (RGC.cd),health,6,Bokonzi,,izt3XGlBrmK,
23.7344313705425,1.3068232417253,r10747827,Référentiel Géographique Commun (RGC.cd),health,6,Basoko,,SxrrguFFktT,
15.5919463019402,-5.17026778296888,r10747831,Référentiel Géographique Commun (RGC.cd),health,6,Nselo,,TqMyBh0yNwZ,
18.8730658656876,2.57649316174737,r10747843,Référentiel Géographique Commun (RGC.cd),health,6,Kungu,,C6xrZPQNxHd,
12.5998854284109,-5.98608554382971,r10747872,Référentiel Géographique Commun (RGC.cd),health,6,Kitona,,ADqfcJ05GHD,
18.9987664003962,2.98734464231105,r10747888,Référentiel Géographique Commun (RGC.cd),health,6,Boto,,FzA1yCf8PY7,
12.4269831633834,-5.79956058801723,r10747894,Référentiel Géographique Commun (RGC.cd),health,6,Moanda,,Zbg4fiy6f3t,
19.4031736746001,3.37663729089775,r10747900,Référentiel Géographique Commun (RGC.cd),health,6,Bwamanda,,hlvN8zeyDZz,
19.7801854459266,3.77704595855197,r10747997,Référentiel Géographique Commun (RGC.cd),health,6,Bogosenubea,,k31uAjnzhTj,Bogosenubia
20.1059188691246,3.30766003134903,r10748012,Référentiel Géographique Commun (RGC.cd),health,6,Bominenge,,kYp7VK3USwS,
19.825086754072,3.21125445168443,r10748081,Référentiel Géographique Commun (RGC.cd),health,6,Gemena,,F2sZHvPlln6,
19.5539046037713,2.98305432152614,r10748152,Référentiel Géographique Commun (RGC.cd),health,6,Tandala,,nX75O17I2sY,
25.2778579729651,0.484999530088527,r10748153,Référentiel Géographique Commun (RGC.cd),health,6,Makiso-Kisangani,,ZHIrX4z487c,
20.0602881929949,2.57946993700344,r10748275,Référentiel Géographique Commun (RGC.cd),health,6,Bulu,,uCYafBxBtO8,
25.305119506478,0.767030178920559,r10748368,Référentiel Géographique Commun (RGC.cd),health,6,Tshopo,,IMkgSD6FVjc,
20.3644075573721,2.68722720777512,r10748376,Référentiel Géographique Commun (RGC.cd),health,6,Mbaya,,BWravV88qKy,
20.6878735745695,2.79115578329197,r10748433,Référentiel Géographique Commun (RGC.cd),health,6,Ndage,,GMlNzqj2WDG,
23.9928530597358,0.637765719340238,r10748461,Référentiel Géographique Commun (RGC.cd),health,6,Yabaondo,,D4KWg03yZrX,
19.4207112031475,2.30657174129122,r10748531,Référentiel Géographique Commun (RGC.cd),health,6,Bangabola,,aVeCzXx2CDZ,
19.7559226755303,2.45221088923345,r10748545,Référentiel Géographique Commun (RGC.cd),health,6,Budjala,,J1nws7yZLvv,
23.7049553743148,-1.43379392207897,r10748581,Référentiel Géographique Commun (RGC.cd),health,6,Ikela,,S3K6ShnHjIY,
12.8727660962312,-5.44594453377223,r10748802,Référentiel Géographique Commun (RGC.cd),health,6,Lukula,,KlQNBFiC8Cf,
30.7460236801116,1.83393299943923,r10748811,Référentiel Géographique Commun (RGC.cd),health,6,Jiba,,mgcXmrrvCZr,
30.5685565727407,1.74963500018687,r10748877,Référentiel Géographique Commun (RGC.cd),health,6,Drodro,,OIhgsXcZf6x,
12.8320813130475,-5.76318881466038,r10748929,Référentiel Géographique Commun (RGC.cd),health,6,Boma Bungu,,vquecO03tD0,
13.416644116616,-5.82549360874538,r10748948,Référentiel Géographique Commun (RGC.cd),health,6,Nzanza,,JBCsFIBR2IO,
30.459035900901,1.5095557833905,r10748949,Référentiel Géographique Commun (RGC.cd),health,6,Tchomia,,rhj4btTd3i0,
30.7628582659089,2.22057517417985,r10748993,Référentiel Géographique Commun (RGC.cd),health,6,Rimba,,a2aJcbwnjoK,
30.2030376523296,1.25329991065567,r10749021,Référentiel Géographique Commun (RGC.cd),health,6,Gety,,X8zFJ7DJlRD,Gethy
30.9127783851504,2.157013,r10749205,Référentiel Géographique Commun (RGC.cd),health,6,Logo,,qqGoQGSp1Dw,
30.703745786279,3.48675704851137,r10749226,Référentiel Géographique Commun (RGC.cd),health,6,Adi,,QAjDPUD5eCo,
30.49171774317,3.33603625695141,r10749254,Référentiel Géographique Commun (RGC.cd),health,6,Laybo,,n1N4M95juaC,
30.7182152676713,3.18595296172936,r10749272,Référentiel Géographique Commun (RGC.cd),health,6,Ariwara,,fM8IqjhdeyL,
25.0977955326588,0.598896508063239,r10749308,Référentiel Géographique Commun (RGC.cd),health,6,Mangobo,,wOWB7WbNuSN,
23.9945854059162,-0.04745449283886,r10749407,Référentiel Géographique Commun (RGC.cd),health,6,Yahisuli,,HHv5opVWeoY,
25.0966146746671,0.340039301216577,r10749422,Référentiel Géographique Commun (RGC.cd),health,6,Lubunga,,I9d1F9TGn33,
25.4102595385335,0.648410157435658,r10749432,Référentiel Géographique Commun (RGC.cd),health,6,Kabondo,,Al5GBxzCgMe,
29.5256735661985,-0.752528015077655,r10749435,Référentiel Géographique Commun (RGC.cd),health,6,Binza,,qa1TBnjJilP,
24.3092798259973,-0.436858002600276,r10749449,Référentiel Géographique Commun (RGC.cd),health,6,Yaleko,,S8Vd8dUvIqT,
29.5437328601773,-1.26596648487936,r10749461,Référentiel Géographique Commun (RGC.cd),health,6,Rwanguba,,iQA2NO6cMnJ,
23.2542015429239,0.806388213311329,r10749476,Référentiel Géographique Commun (RGC.cd),health,6,Yahuma,,quf7vedArhs,
29.403436413431,-1.25529071871355,r10749499,Référentiel Géographique Commun (RGC.cd),health,6,Rutshuru,,nXYw6kLqc0y,
29.2401575588748,-1.54207872227326,r10749552,Référentiel Géographique Commun (RGC.cd),health,6,Nyirangongo,,WLVe6Xt7Xum,
13.4608327366284,-5.82894282531984,r10749711,Référentiel Géographique Commun (RGC.cd),health,6,Matadi,,pFhuqRaXTSO,
13.8787644948369,-5.5518425064515,r10749733,Référentiel Géographique Commun (RGC.cd),health,6,Nsona-Pangu,,n0NjjahdTLk,
13.4718084569194,-5.4382653272881,r10749759,Référentiel Géographique Commun (RGC.cd),health,6,Inga,,DD5m0lzETfF,
13.2996006024383,-5.25051375502975,r10749821,Référentiel Géographique Commun (RGC.cd),health,6,Seke-Banza,,fWrUdkX9JEv,
12.8000768752537,-5.25868963185131,r10749932,Référentiel Géographique Commun (RGC.cd),health,6,Kangu,,bV04pTUIL8A,
29.0960322713442,-1.23166638672865,r10749975,Référentiel Géographique Commun (RGC.cd),health,6,Birambizo,,CFKkX16A1rM,
13.0225294791307,-5.19197157638974,r10749981,Référentiel Géographique Commun (RGC.cd),health,6,Vaku,,ZRDAZVZ4HMV,
12.863982723535,-4.88469119389571,r10750083,Référentiel Géographique Commun (RGC.cd),health,6,Tshela,,hniXpSX7Zrq,
30.4143265365938,3.06785676254757,r10750117,Référentiel Géographique Commun (RGC.cd),health,6,Adja,,CLboGR4F3lj,
30.7444098648916,2.85320889201132,r10750155,Référentiel Géographique Commun (RGC.cd),health,6,Aru,,v8PqffapuVl,
29.0152038899362,-1.51939610207746,r10750161,Référentiel Géographique Commun (RGC.cd),health,6,Kirotshe,,xS36Jly2x2T,
12.7003649881344,-5.02644499572031,r10750166,Référentiel Géographique Commun (RGC.cd),health,6,Kuimba,,ZekPSH5fUQ0,
12.9828081345803,-5.0027363259005,r10750222,Référentiel Géographique Commun (RGC.cd),health,6,Kizu,,TQ5nmMVD9uY,
30.3153869848329,2.68158646809215,r10750251,Référentiel Géographique Commun (RGC.cd),health,6,Biringi,,yS0pmMtanuT,
13.2055487142203,-4.83327831608641,r10750275,Référentiel Géographique Commun (RGC.cd),health,6,Kinkonzi,,F1WHo6oyNag,
30.6086084676722,2.6140283051208,r10750349,Référentiel Géographique Commun (RGC.cd),health,6,Aungba,,DFcltLEKLxj,
30.5221262905937,2.3201617950463,r10750642,Référentiel Géographique Commun (RGC.cd),health,6,Kambala,,SkEKQLSulmp,
15.0502644044205,-5.29699905780721,r10750649,Référentiel Géographique Commun (RGC.cd),health,6,Boko-Kivulu,,VGFWIr5Rx1D,
30.9420619006435,2.30127209638803,r10750692,Référentiel Géographique Commun (RGC.cd),health,6,Mahagi,,seNn0NUsKYn,
14.7859339983265,-5.2561313062238,r10750741,Référentiel Géographique Commun (RGC.cd),health,6,Mbanza-Ngungu,,PDfWsEoWLcy,
31.1670132335684,2.17670786247439,r10750752,Référentiel Géographique Commun (RGC.cd),health,6,Nyarambe,,gyRgzU4sTgY,
30.0077135207929,0.982753514804795,r10750779,Référentiel Géographique Commun (RGC.cd),health,6,Boga,,rLadlFjzCh7,
31.0192584805269,2.01035961663552,r10750785,Référentiel Géographique Commun (RGC.cd),health,6,Angumu,,yKlg7zZ2xlH,
23.4991490655385,1.77586440477862,r10750795,Référentiel Géographique Commun (RGC.cd),health,6,Yalimbongo,,CPZTm1VIXB9,
30.8344474220083,2.05816343616023,r10750797,Référentiel Géographique Commun (RGC.cd),health,6,Rethy,,hWMdKGgsAIz,
30.7877556750328,1.9518206226817,r10750850,Référentiel Géographique Commun (RGC.cd),health,6,Linga,,K0KK2tBPIRA,
14.717242537361,-5.48503730410124,r10750889,Référentiel Géographique Commun (RGC.cd),health,6,Kwilu-Ngongo,,DZV9ipxIsg1,
25.1679773654493,1.05703225785546,r10750929,Référentiel Géographique Commun (RGC.cd),health,6,Bengamisa,,dxiEfVDsieA,
30.6003041965406,1.9005793118936,r10750932,Référentiel Géographique Commun (RGC.cd),health,6,Fataki,,FDNwbfrJhkA,
30.4221807360346,1.97922422898335,r10751105,Référentiel Géographique Commun (RGC.cd),health,6,Mangala,,YTZmP8g33YJ,
29.6280207176844,1.12572553313234,r10751117,Référentiel Géographique Commun (RGC.cd),health,6,Komanda,,i2mtQy4nTmD,
30.1579189177196,2.19908749608956,r10751127,Référentiel Géographique Commun (RGC.cd),health,6,Damas,,ApdB8z3Wrxt,
14.0223243369382,-4.78473423610152,r10751160,Référentiel Géographique Commun (RGC.cd),health,6,Luozi,,DaXi5vRLqh3,
29.1737093506921,0.984302405372278,r10751163,Référentiel Géographique Commun (RGC.cd),health,6,Mandima,,YpXUkTbtAPA,
13.6660078961306,-5.0240413713282,r10751220,Référentiel Géographique Commun (RGC.cd),health,6,Kibunzi,,zuuFyMjjK7i,
29.327308704355,0.314235094103798,r10751288,Référentiel Géographique Commun (RGC.cd),health,6,Kalunguta,,XoJ3dLz68aj,
13.0504723115105,-5.81446915882643,r10751319,Référentiel Géographique Commun (RGC.cd),health,6,Boma,,djWn21U4AVy,
28.7114672871564,1.50023946763648,r10751333,Référentiel Géographique Commun (RGC.cd),health,6,Mambasa,,RjHZChl5gJQ,
29.4382318825612,1.91502308422576,r10751396,Référentiel Géographique Commun (RGC.cd),health,6,Mongbwalu,,nv8tx681Gjd,Mongbalu
30.2081200173416,1.86176172915762,r10751412,Référentiel Géographique Commun (RGC.cd),health,6,Bambu,,Uc3GqWS8C0w,
24.3752679174204,0.866946858632353,r10752450,Référentiel Géographique Commun (RGC.cd),health,6,Isangi,,dtBcztLoZpn,
22.978482281862,-6.52423497154283,r10752832,Référentiel Géographique Commun (RGC.cd),health,6,Dibaya,,kye1r2XW3YV,
28.8784657251618,-1.16712435195847,r10753237,Référentiel Géographique Commun (RGC.cd),health,6,Mweso,,OZYtwRFkc5Z,
28.6760217009671,-1.51142802123614,r10753369,Référentiel Géographique Commun (RGC.cd),health,6,Masisi,,D6IRek5MhIt,
28.5064945247568,-1.25097090979294,r10753402,Référentiel Géographique Commun (RGC.cd),health,6,Kibua,,is2bUIOxBUG,
14.3609182473209,-5.41945658256981,r10753503,Référentiel Géographique Commun (RGC.cd),health,6,Kimpese,,XXKTLp8q7wJ,
15.2962961872576,-4.8278290082367,r10753680,Référentiel Géographique Commun (RGC.cd),health,6,Sona-Bata,,RJDVdKIftDZ,
14.5893610002183,-5.08006311681878,r10753937,Référentiel Géographique Commun (RGC.cd),health,6,Gombe-Matadi,,MjmIRJaAC1H,
14.935599415465,-5.70638808518781,r10753977,Référentiel Géographique Commun (RGC.cd),health,6,Kimpangu,,bBTWb8cD9Z3,
29.2508044594127,-1.20189596983511,r10754169,Référentiel Géographique Commun (RGC.cd),health,6,Bambo,,reOlSi4YUvZ,
28.1025005348953,-1.70988713647088,r10754212,Référentiel Géographique Commun (RGC.cd),health,6,Itebero,,bzo7dCPSXS2,
29.2523425523134,0.143245593993837,r10754304,Référentiel Géographique Commun (RGC.cd),health,6,Butembo,,foR0DRLqtdJ,
28.813128309935,-1.61737329191849,r10754312,Référentiel Géographique Commun (RGC.cd),health,6,Katoyi,,Hxf5Q4aK6Ad,
15.5008162046546,-4.64651700766012,r10754509,Référentiel Géographique Commun (RGC.cd),health,6,Masa,,yb4Q3Xo1EUo,
14.1905007118139,-4.60757028268763,r10754558,Référentiel Géographique Commun (RGC.cd),health,6,Mangembo,,muQLQumKnyM,
27.8039747179988,-1.11067640894313,r10755474,Référentiel Géographique Commun (RGC.cd),health,6,Walikale,,xIs8yXFjb9Y,
28.5319899434511,-0.612930971913879,r10755491,Référentiel Géographique Commun (RGC.cd),health,6,Pinga,,Qnxdx1xJkXt,
28.7887198345928,-0.290680024707063,r10755536,Référentiel Géographique Commun (RGC.cd),health,6,Alimbongo,,GLky3WLKZTi,
15.4924324711639,-5.60377219681372,r10756581,Référentiel Géographique Commun (RGC.cd),health,6,Ngidinga,,fuiphWnOGii,
19.1344074104061,0.448903323664095,r10756925,Référentiel Géographique Commun (RGC.cd),health,6,Bolomba,,lW6uPgrLYfi,
18.2442591797314,-0.420266465492891,r10757011,Référentiel Géographique Commun (RGC.cd),health,6,Bikoro,,NMRFBOfk41A,
18.2279991852732,0.059088815809103,r10757057,Référentiel Géographique Commun (RGC.cd),health,6,Wangata,,J0LvPM9HPVN,
18.7257668759768,0.825385125211187,r10757124,Référentiel Géographique Commun (RGC.cd),health,6,Lolanga Mampoko,,pBzecjfopeA,Mampoko
29.1324265376211,-0.637952014949094,r10757442,Référentiel Géographique Commun (RGC.cd),health,6,Kayna,,ZLgC2OOesbS,
30.104117324455,1.56790848574556,r10757444,Référentiel Géographique Commun (RGC.cd),health,6,Rwampara,,vPxN2nZnBXK,
29.9327735611318,1.48625502039993,r10757527,Référentiel Géographique Commun (RGC.cd),health,6,Nyankunde,,mGTaa8TFifO,
30.3228226371246,1.77188036126122,r10757546,Référentiel Géographique Commun (RGC.cd),health,6,Nizi,,TCE5waEW7Fi,
30.3786578745107,1.57587821182103,r10757572,Référentiel Géographique Commun (RGC.cd),health,6,Lita,,xGWcGHazqtw,
28.7482299656974,0.010939468090898,r10758532,Référentiel Géographique Commun (RGC.cd),health,6,Musienene,,VooLsNf0dDB,
28.4733757823206,0.374997202278662,r10758805,Référentiel Géographique Commun (RGC.cd),health,6,Manguredjipa,,IyDb5geWMDN,
29.1961602887468,0.50711970167926,r10758947,Référentiel Géographique Commun (RGC.cd),health,6,Mabalako,,svtAZQ9nVl0,
29.5113262895064,0.513727322021396,r10759025,Référentiel Géographique Commun (RGC.cd),health,6,Beni,,msg2MyMGhKv,
29.8416331880273,0.679884279531594,r10759930,Référentiel Géographique Commun (RGC.cd),health,6,Kamango,,vFJcnSDGQS0,
15.1561361366414,-5.13027165836841,r10760393,Référentiel Géographique Commun (RGC.cd),health,6,Kisantu,,pZobW0wXW6e,
29.7250636612914,0.233776644016333,r10760463,Référentiel Géographique Commun (RGC.cd),health,6,Mutwanga,,TnjfqDbxtwP,
29.1981166255728,-0.867270015936639,r10760589,Référentiel Géographique Commun (RGC.cd),health,6,Kibirizi,,OKMskHnAdPh,
29.3372973969474,-0.273430613164036,r10760626,Référentiel Géographique Commun (RGC.cd),health,6,Lubero,,oTtGHeQSotN,
29.502592859023,0.01210479433537,r10760666,Référentiel Géographique Commun (RGC.cd),health,6,Kyondo,,amGiV9h9C2I,
17.6669628966845,-6.16344363941674,r10760830,Référentiel Géographique Commun (RGC.cd),health,6,Mwela Lembwa,,jzvghlGm7Hp,
29.4339383574533,0.172687603421676,r10761747,Référentiel Géographique Commun (RGC.cd),health,6,Vuhuvi,,EsZ68sGXB5Y,
28.9882855084155,-8.17509662893834,r10762082,Référentiel Géographique Commun (RGC.cd),health,6,Pweto,,fdlN13eHB5u,
28.14220408018,-8.96647079037666,r10762257,Référentiel Géographique Commun (RGC.cd),health,6,Kilwa,,iHmCGdXARXG,
28.2103363057076,-9.93341264323954,r10763547,Référentiel Géographique Commun (RGC.cd),health,6,Kashobwe,,OcTqzK4K1RV,
28.2824783613656,-10.8044715977419,r10763570,Référentiel Géographique Commun (RGC.cd),health,6,Kasenga,,Vue5tcMpaGh,
27.3963320238259,-11.6513131848288,r10763765,Référentiel Géographique Commun (RGC.cd),health,6,Mumbunda,,QteKQ66ixqO,
27.6872472001017,-10.6408128080518,r10764020,Référentiel Géographique Commun (RGC.cd),health,6,Lukafu,,nNFVLFmkaAz,
27.0291706257742,-9.64919481496697,r10764059,Référentiel Géographique Commun (RGC.cd),health,6,Mufunga Sampwe,,qzQdkny6PZ4,
27.16918816963,-8.78022778034823,r10764061,Référentiel Géographique Commun (RGC.cd),health,6,Mitwaba,,rYWmyhhl1LP,
26.0719635687351,-11.4205619655228,r10764086,Référentiel Géographique Commun (RGC.cd),health,6,Manika,,xMdqjEKgZLw,
27.4683155987341,-11.5987745050775,r10764682,Référentiel Géographique Commun (RGC.cd),health,6,Kowe,,sAsXOxkBdrE,
27.4760569035136,-11.5993618331704,r10764761,Référentiel Géographique Commun (RGC.cd),health,6,Vangu,,uIuYpiQm6m8,
26.4607556247705,-11.5040526105494,r10766443,Référentiel Géographique Commun (RGC.cd),health,6,Kilela Balanda,,Kth7MQGYcrE,
26.7320503805294,-10.9643718608781,r10766489,Référentiel Géographique Commun (RGC.cd),health,6,Likasi,,fQLRnttyYlx,
27.3918285845376,-11.7312496403252,r10769285,Référentiel Géographique Commun (RGC.cd),health,6,Kisanga,,QA2FRWLQqWE,
27.5182829004123,-11.7392394289192,r10769511,Référentiel Géographique Commun (RGC.cd),health,6,Kenya,,IOin37HS2Wz,
29.5842035236018,0.763323925501034,r10773318,Référentiel Géographique Commun (RGC.cd),health,6,Oicha,,zOOAshOz4Cz,
30.2839092534309,1.6098970153454,r10775396,Référentiel Géographique Commun (RGC.cd),health,6,Bunia,,GPi6i83o7l6,
30.0783334693948,1.759734515783,r10775405,Référentiel Géographique Commun (RGC.cd),health,6,Kilo,,sbyWSsdZ3tj,
29.4657251213522,1.46824445904979,r10775428,Référentiel Géographique Commun (RGC.cd),health,6,Lolwa,,xp3Y1OXHZLj,
27.5519166491014,-11.6831451592913,r10775735,Référentiel Géographique Commun (RGC.cd),health,6,Kampemba,,zMfBT8xVQeH,
27.4894135319319,-11.6826211707213,r10775816,Référentiel Géographique Commun (RGC.cd),health,6,Kamalondo,,uocpzPZHiEo,
27.443202369415,-11.5981904755858,r10777305,Référentiel Géographique Commun (RGC.cd),health,6,Lubumbashi,,H8vCqAKUlyX,
22.1812093227183,-4.44392321595589,r10780569,Référentiel Géographique Commun (RGC.cd),health,6,Kakenge,,y1bSl3YWtJm,
21.1704438787185,-4.50461684402497,r10780570,Référentiel Géographique Commun (RGC.cd),health,6,Mushenge,,qdhh0JFWiW2,
15.3162759550462,-4.40709623650109,r10781549,Référentiel Géographique Commun (RGC.cd),health,6,Lemba,,tCLXgZBBLQ0,
19.274153458995,-7.12456081250684,r10781662,Référentiel Géographique Commun (RGC.cd),health,6,Kahemba,,JkaDYyGpdPX,
18.7475481055075,-7.41583478517464,r10781731,Référentiel Géographique Commun (RGC.cd),health,6,Kajiji,,LhkH0lpHnU0,
18.0704236254183,-7.1567934838636,r10781898,Référentiel Géographique Commun (RGC.cd),health,6,Panzi,,Kl436vOuc9s,
29.1833246051588,-1.63624070373568,r10783097,Référentiel Géographique Commun (RGC.cd),health,6,Karisimbi,,RSaqeeEezZl,
26.9043734132786,-10.8348876705812,r10785145,Référentiel Géographique Commun (RGC.cd),health,6,Kambove,,NR5cDy2jhiJ,
27.2838841551973,-10.5515973613321,r10785186,Référentiel Géographique Commun (RGC.cd),health,6,Kikula,,Q22qlkhPQDO,
26.7048244101495,-11.4570112870568,r10785196,Référentiel Géographique Commun (RGC.cd),health,6,Panda,,EofZhh5yYMG,
29.1606219862705,-12.6013295300546,r10786548,Référentiel Géographique Commun (RGC.cd),health,6,Sakania,,CSwaGvyMS6Z,
27.3040683235225,-11.7570824741703,r10786585,Référentiel Géographique Commun (RGC.cd),health,6,Kipushi,,ZMH0kkBQFs9,
27.9713684532153,-11.5030022224982,r10786592,Référentiel Géographique Commun (RGC.cd),health,6,Kafubu,,GpdRlogsSiE,
27.4622900104644,-11.7212828988117,r10786631,Référentiel Géographique Commun (RGC.cd),health,6,Katuba,,nhdQUgOeBQU,
27.6324872988077,-11.6573088991014,r10786692,Référentiel Géographique Commun (RGC.cd),health,6,Rwashi,,YFSLTwHFlOk,Ruashi
15.532610607013,-4.10873804211086,r10791110,Référentiel Géographique Commun (RGC.cd),health,6,Police,,kyBo3gA8qoh,
17.238594737255,-6.99475494015632,r10807284,Référentiel Géographique Commun (RGC.cd),health,6,Kitenda,,c66ur6Nda04,
18.3178052036753,1.41453673958066,r11246018,Référentiel Géographique Commun (RGC.cd),health,6,Bomongo,,dseqqnd0Nuw,
